<?xml version="1.0" ?>
<manifest xmlns="http://www.imsglobal.org/xsd/imsccv1p1/imscp_v1p1" xmlns:lom="http://ltsc.ieee.org/xsd/imsccv1p1/LOM/resource" xmlns:imsmd="http://www.imsglobal.org/xsd/imsmd_v1p2" xmlns:xsi="http://www.w3.org/2001/XMLSchema-instance" identifier="i2ab6db0d753b4fd4bacb482e703b45cb" xsi:schemaLocation="http://www.imsglobal.org/xsd/imsccv1p1/imscp_v1p1 http://www.imsglobal.org/xsd/imscp_v1p1.xsd">
  <resources>
    <resource identifier="i6b8684f2d44644ea81220a90619e8444" type="imsqti_xmlv1p2">
      <file href="i1bd3a22ccbb741599368dd8135137146/i1bd3a22ccbb741599368dd8135137146.xml"/>
      <dependency identifierref="i2c33a5eb3a124f14ae74c4e51641269f"/>
    </resource>
    <resource identifier="i2c33a5eb3a124f14ae74c4e51641269f" type="associatedcontent/imscc_xmlv1p1/learning-application-resource" href="i1bd3a22ccbb741599368dd8135137146/assessment_meta.xml">
      <file href="i1bd3a22ccbb741599368dd8135137146/assessment_meta.xml"/>
    </resource>
  </resources>
</manifest>
