<?xml version="1.0" ?>
<questestinterop xmlns="http://www.imsglobal.org/xsd/ims_qtiasiv1p2" xmlns:xsi="http://www.w3.org/2001/XMLSchema-instance" xsi:schemaLocation="http://www.imsglobal.org/xsd/ims_qtiasiv1p2 http://www.imsglobal.org/xsd/ims_qtiasiv1p2p1.xsd">
  <assessment ident="i1bd3a22ccbb741599368dd8135137146" title="quiz_export">
    <section ident="root_section">
      <item ident="idbafb5a4c6364a3ca0b79188d921c8f0" title="Question 1">
        <itemmetadata>
          <qtimetadata>
            <qtimetadatafield>
              <fieldlabel>question_type</fieldlabel>
              <fieldentry>multiple_choice_question</fieldentry>
            </qtimetadatafield>
            <qtimetadatafield>
              <fieldlabel>points_possible</fieldlabel>
              <fieldentry>5.0</fieldentry>
            </qtimetadatafield>
          </qtimetadata>
        </itemmetadata>
        <presentation>
          <material>
            <mattext texttype="text/html">&lt;div&gt;&lt;p&gt;new quiz&lt;/p&gt;&lt;/div&gt;</mattext>
          </material>
          <response_lid ident="response1" rcardinality="Single">
            <render_choice>
              <response_label ident="i61265a8a77b344df9cdb72870d5b9441">
                <material>
                  <mattext texttype="text/plain">something</mattext>
                </material>
              </response_label>
              <response_label ident="id049f8e692164e2d8dcc0dc19b3d8382">
                <material>
                  <mattext texttype="text/plain">the answer</mattext>
                </material>
              </response_label>
              <response_label ident="i9a3df1ee8b3f4ba5b39b8addc8811d0f">
                <material>
                  <mattext texttype="text/plain">something</mattext>
                </material>
              </response_label>
              <response_label ident="i9acdab7b40d54e528e1f339795db6783">
                <material>
                  <mattext texttype="text/plain">d</mattext>
                </material>
              </response_label>
              <response_label ident="ia45d39e1a4ea488ea11d4d0f75cde55a">
                <material>
                  <mattext texttype="text/plain">e</mattext>
                </material>
              </response_label>
            </render_choice>
          </response_lid>
        </presentation>
        <resprocessing>
          <outcomes>
            <decvar maxvalue="100" minvalue="0" varname="SCORE" vartype="Decimal"/>
          </outcomes>
          <respcondition continue="No">
            <conditionvar>
              <varequal respident="response1">id049f8e692164e2d8dcc0dc19b3d8382</varequal>
            </conditionvar>
            <setvar action="Set" varname="SCORE">100</setvar>
          </respcondition>
        </resprocessing>
        <itemfeedback ident="general_fb">
          <flow_mat>
            <material>
              <mattext texttype="text/html" text="&lt;p&gt;general overall answer comments&lt;/p&gt;"/>
            </material>
          </flow_mat>
        </itemfeedback>
        <itemfeedback ident="correct_fb">
          <flow_mat>
            <material>
              <mattext texttype="text/html" text="&lt;p&gt;overall correct answer comment&lt;/p&gt;"/>
            </material>
          </flow_mat>
        </itemfeedback>
        <itemfeedback ident="general_incorrect_fb">
          <flow_mat>
            <material>
              <mattext texttype="text/html" text="&lt;p&gt;overall wrong answer comment&lt;/p&gt;"/>
            </material>
          </flow_mat>
        </itemfeedback>
        <itemfeedback ident="i61265a8a77b344df9cdb72870d5b9441_fb">
          <flow_mat>
            <material>
              <mattext texttype="text/html" text="&lt;p&gt;this is feedback for the first wrong answer&lt;/p&gt;"/>
            </material>
          </flow_mat>
        </itemfeedback>
        <itemfeedback ident="id049f8e692164e2d8dcc0dc19b3d8382_fb">
          <flow_mat>
            <material>
              <mattext texttype="text/html" text="&lt;p&gt;this is feedback for the correct answer&lt;/p&gt;"/>
            </material>
          </flow_mat>
        </itemfeedback>
        <itemfeedback ident="i9a3df1ee8b3f4ba5b39b8addc8811d0f_fb">
          <flow_mat>
            <material>
              <mattext texttype="text/html" text="&lt;p&gt;this is feedback for the choice c&lt;/p&gt;"/>
            </material>
          </flow_mat>
        </itemfeedback>
      </item>
      <item ident="i9c08456e56dc4b039096f12827c5be49" title="Question 2">
        <itemmetadata>
          <qtimetadata>
            <qtimetadatafield>
              <fieldlabel>question_type</fieldlabel>
              <fieldentry>multiple_choice_question</fieldentry>
            </qtimetadatafield>
            <qtimetadatafield>
              <fieldlabel>points_possible</fieldlabel>
              <fieldentry>5.0</fieldentry>
            </qtimetadatafield>
          </qtimetadata>
        </itemmetadata>
        <presentation>
          <material>
            <mattext texttype="text/html">&lt;div&gt;&lt;p&gt;testing this&lt;/p&gt;&lt;/div&gt;</mattext>
          </material>
          <response_lid ident="response1" rcardinality="Single">
            <render_choice>
              <response_label ident="i177eb78e4d6a4cf59247a657d8abf1b1">
                <material>
                  <mattext texttype="text/plain">basic</mattext>
                </material>
              </response_label>
              <response_label ident="i3d647a310bf64caebed412da7ba39fb7">
                <material>
                  <mattext texttype="text/plain">this is the answer</mattext>
                </material>
              </response_label>
              <response_label ident="i982e1c0054ae4163bfb2cbccffcd08d5">
                <material>
                  <mattext texttype="text/plain">nope</mattext>
                </material>
              </response_label>
              <response_label ident="idb490f7c19984c9bb5708d2eef8a8082">
                <material>
                  <mattext texttype="text/plain">d</mattext>
                </material>
              </response_label>
              <response_label ident="i7f5c22befe184481962998b1690e4f81">
                <material>
                  <mattext texttype="text/plain">e</mattext>
                </material>
              </response_label>
            </render_choice>
          </response_lid>
        </presentation>
        <resprocessing>
          <outcomes>
            <decvar maxvalue="100" minvalue="0" varname="SCORE" vartype="Decimal"/>
          </outcomes>
          <respcondition continue="No">
            <conditionvar>
              <varequal respident="response1">i3d647a310bf64caebed412da7ba39fb7</varequal>
            </conditionvar>
            <setvar action="Set" varname="SCORE">100</setvar>
          </respcondition>
        </resprocessing>
      </item>
    </section>
  </assessment>
</questestinterop>
